{"date":20210101,"state":"CA","positive":2500000,"negative":15000000,"pending":1000,"hospitalizedCurrently":15000,"hospitalizedCumulative":125000,"inIcuCurrently":3500,"inIcuCumulative":25000,"onVentilatorCurrently":1200,"onVentilatorCumulative":8000,"recovered":2000000,"dataQualityGrade":"A","lastUpdateEt":"1/1/2021 00:00","dateModified":"2021-01-01T00:00:00Z","checkTimeEt":"1/1/2021 00:00","death":25000,"hospitalized":125000,"datechecked":"2021-01-01T00:00:00Z","totaltestresults":17500000,"totaltestresultsincrease":50000,"positiveincrease":25000,"negativeincrease":25000,"deathincrease":250,"hospitalizedincrease":500,"hash":"abc123","commercialScore":0,"negativeRegularScore":0,"negativeScore":0,"positiveScore":0,"score":0,"grade":""}
{"date":20210102,"state":"CA","positive":2525000,"negative":15025000,"pending":1000,"hospitalizedCurrently":15200,"hospitalizedCumulative":125500,"inIcuCurrently":3550,"inIcuCumulative":25100,"onVentilatorCurrently":1220,"onVentilatorCumulative":8050,"recovered":2020000,"dataQualityGrade":"A","lastUpdateEt":"1/2/2021 00:00","dateModified":"2021-01-02T00:00:00Z","checkTimeEt":"1/2/2021 00:00","death":25250,"hospitalized":125500,"datechecked":"2021-01-02T00:00:00Z","totaltestresults":17550000,"totaltestresultsincrease":50000,"positiveincrease":25000,"negativeincrease":25000,"deathincrease":250,"hospitalizedincrease":500,"hash":"def456","commercialScore":0,"negativeRegularScore":0,"negativeScore":0,"positiveScore":0,"score":0,"grade":""}
{"date":20210101,"state":"NY","positive":1200000,"negative":8000000,"pending":500,"hospitalizedCurrently":8000,"hospitalizedCumulative":75000,"inIcuCurrently":2000,"inIcuCumulative":15000,"onVentilatorCurrently":800,"onVentilatorCumulative":5000,"recovered":1000000,"dataQualityGrade":"A","lastUpdateEt":"1/1/2021 00:00","dateModified":"2021-01-01T00:00:00Z","checkTimeEt":"1/1/2021 00:00","death":35000,"hospitalized":75000,"datechecked":"2021-01-01T00:00:00Z","totaltestresults":9200000,"totaltestresultsincrease":30000,"positiveincrease":15000,"negativeincrease":15000,"deathincrease":150,"hospitalizedincrease":300,"hash":"ghi789","commercialScore":0,"negativeRegularScore":0,"negativeScore":0,"positiveScore":0,"score":0,"grade":""}
{"date":20210102,"state":"NY","positive":1215000,"negative":8015000,"pending":500,"hospitalizedCurrently":8100,"hospitalizedCumulative":75300,"inIcuCurrently":2020,"inIcuCumulative":15050,"onVentilatorCurrently":810,"onVentilatorCumulative":5025,"recovered":1010000,"dataQualityGrade":"A","lastUpdateEt":"1/2/2021 00:00","dateModified":"2021-01-02T00:00:00Z","checkTimeEt":"1/2/2021 00:00","death":35150,"hospitalized":75300,"datechecked":"2021-01-02T00:00:00Z","totaltestresults":9230000,"totaltestresultsincrease":30000,"positiveincrease":15000,"negativeincrease":15000,"deathincrease":150,"hospitalizedincrease":300,"hash":"jkl012","commercialScore":0,"negativeRegularScore":0,"negativeScore":0,"positiveScore":0,"score":0,"grade":""}
{"date":20210101,"state":"TX","positive":1800000,"negative":10000000,"pending":800,"hospitalizedCurrently":12000,"hospitalizedCumulative":95000,"inIcuCurrently":2800,"inIcuCumulative":18000,"onVentilatorCurrently":1000,"onVentilatorCumulative":6000,"recovered":1500000,"dataQualityGrade":"B","lastUpdateEt":"1/1/2021 00:00","dateModified":"2021-01-01T00:00:00Z","checkTimeEt":"1/1/2021 00:00","death":28000,"hospitalized":95000,"datechecked":"2021-01-01T00:00:00Z","totaltestresults":11800000,"totaltestresultsincrease":40000,"positiveincrease":20000,"negativeincrease":20000,"deathincrease":200,"hospitalizedincrease":400,"hash":"mno345","commercialScore":0,"negativeRegularScore":0,"negativeScore":0,"positiveScore":0,"score":0,"grade":""}
{"date":20210102,"state":"TX","positive":1820000,"negative":10020000,"pending":800,"hospitalizedCurrently":12200,"hospitalizedCumulative":95400,"inIcuCurrently":2850,"inIcuCumulative":18080,"onVentilatorCurrently":1020,"onVentilatorCumulative":6040,"recovered":1520000,"dataQualityGrade":"B","lastUpdateEt":"1/2/2021 00:00","dateModified":"2021-01-02T00:00:00Z","checkTimeEt":"1/2/2021 00:00","death":28200,"hospitalized":95400,"datechecked":"2021-01-02T00:00:00Z","totaltestresults":11840000,"totaltestresultsincrease":40000,"positiveincrease":20000,"negativeincrease":20000,"deathincrease":200,"hospitalizedincrease":400,"hash":"pqr678","commercialScore":0,"negativeRegularScore":0,"negativeScore":0,"positiveScore":0,"score":0,"grade":""}
