{"uuid":"001","country":"USA","itemtype":"Office Supplies","saleschannel":"Online","orderpriority":"H","orderdate":"2023-01-15","region":"North America","shipdate":"2023-01-20","unitssold":"100","unitprice":"15.50","unitcost":"10.00","totalrevenue":"1550.00","totalcost":"1000.00","totalprofit":"550.00"}
{"uuid":"002","country":"Canada","itemtype":"Electronics","saleschannel":"Offline","orderpriority":"M","orderdate":"2023-01-16","region":"North America","shipdate":"2023-01-22","unitssold":"50","unitprice":"250.00","unitcost":"180.00","totalrevenue":"12500.00","totalcost":"9000.00","totalprofit":"3500.00"}
